{
  "repeticiones": [
    1,
    2,
    3,
    4,
    5,
    6,
    7,
    8,
    9,
    10,
    15,
    20,
    25,
    30,
    40,
    50
  ],
  "exitos": [
    1,
    1,
    1,
    2,
    4,
    2,
    3,
    2,
    4,
    3,
    7,
    8,
    12,
    14,
    22,
    31
  ],
  "fracasos": [
    0,
    1,
    2,
    2,
    1,
    4,
    4,
    6,
    5,
    7,
    8,
    12,
    13,
    16,
    18,
    19
  ],
  "certeza": [
    0.5,
    0.0,
    0.0,
    0.0,
    0.0,
    0.0,
    0.0,
    0.0,
    0.0,
    0.0,
    0.0,
    0.0,
    0.0,
    0.0,
    0.0,
    0.0
  ],
  "tiempo_ejecucion": [
    1.8500002624932677e-05,
    1.5300000086426735e-05,
    2.040000254055485e-05,
    1.3500000932253897e-05,
    1.4199998986441642e-05,
    1.4500001270789653e-05,
    1.6599995433352888e-05,
    1.790000533219427e-05,
    1.6999998479150236e-05,
    1.8699996871873736e-05,
    2.680000034160912e-05,
    3.120000474154949e-05,
    3.989999822806567e-05,
    5.5500000598840415e-05,
    6.529999518534169e-05,
    0.0001601999974809587
  ],
  "peggy_sabe": false
}