{
  "repeticiones": [
    1,
    2,
    3,
    4,
    5,
    6,
    7,
    8,
    9,
    10,
    15,
    20,
    25,
    30,
    40,
    50
  ],
  "exitos": [
    1,
    2,
    3,
    4,
    5,
    6,
    7,
    8,
    9,
    10,
    15,
    20,
    25,
    30,
    40,
    50
  ],
  "fracasos": [
    0,
    0,
    0,
    0,
    0,
    0,
    0,
    0,
    0,
    0,
    0,
    0,
    0,
    0,
    0,
    0
  ],
  "certeza": [
    0.5,
    0.75,
    0.875,
    0.9375,
    0.96875,
    0.984375,
    0.9921875,
    0.99609375,
    0.998046875,
    0.9990234375,
    0.999969482421875,
    0.9999990463256836,
    0.9999999701976776,
    0.9999999990686774,
    0.9999999999990905,
    0.9999999999999991
  ],
  "tiempo_ejecucion": [
    2.909999602707103e-05,
    1.4099998224992305e-05,
    1.170000177808106e-05,
    1.2399999832268804e-05,
    1.1500000255182385e-05,
    1.3699995179194957e-05,
    1.460000203223899e-05,
    1.1799995263572782e-05,
    1.2800002878066152e-05,
    1.2800002878066152e-05,
    1.769999653333798e-05,
    2.59000007645227e-05,
    5.280000186758116e-05,
    3.569999535102397e-05,
    4.579999949783087e-05,
    5.5199998314492404e-05
  ],
  "peggy_sabe": true
}