{
  "sizes": [
    10,
    50,
    100,
    250,
    500,
    1000,
    2000,
    5000
  ],
  "times": [
    1.1859999904118013e-05,
    4.5659999886993316e-05,
    0.00013460000000122818,
    0.0006757199999810837,
    0.007928399999946123,
    0.012202700000034383,
    0.05035723999990296,
    0.3902948599999945
  ],
  "bins_used": [
    4.6,
    25.6,
    50.6,
    128.4,
    256.6,
    507.8,
    1004.8,
    2520.6
  ],
  "lower_bounds": [
    4.6,
    24.2,
    48.4,
    124.2,
    250.4,
    500.2,
    995.6,
    2497.0
  ],
  "ratios": [
    1.0,
    1.0578512396694215,
    1.0454545454545454,
    1.0338164251207729,
    1.0247603833865815,
    1.0151939224310276,
    1.0092406588991563,
    1.0094513416099318
  ]
}